{
  "v": "5.4.4",
  "fr": 25,
  "ip": 0,
  "op": 60,
  "w": 762,
  "h": 539,
  "nm": "合成 1",
  "ddd": 0,
  "assets": [],
  "fonts": {
    "list": [
      {
        "origin": 0,
        "fPath": "",
        "fClass": "",
        "fFamily": "FangSong",
        "fWeight": "",
        "fStyle": "Regular",
        "fName": "FangSong",
        "ascent": 69.921875
      }
    ]
  },
  "layers": [
    {
      "ddd": 0,
      "ind": 1,
      "ty": 5,
      "nm": "大家好，我是启舰",
      "sr": 1,
      "ks": {
        "o": {
          "a": 0,
          "k": 100,
          "ix": 11
        },
        "r": {
          "a": 1,
          "k": [
            {
              "i": {
                "x": [
                  0.833
                ],
                "y": [
                  0.833
                ]
              },
              "o": {
                "x": [
                  0.167
                ],
                "y": [
                  0.167
                ]
              },
              "t": 0,
              "s": [
                0
              ],
              "e": [
                46
              ]
            },
            {
              "i": {
                "x": [
                  0.833
                ],
                "y": [
                  0.833
                ]
              },
              "o": {
                "x": [
                  0.167
                ],
                "y": [
                  0.167
                ]
              },
              "t": 5,
              "s": [
                46
              ],
              "e": [
                -31
              ]
            },
            {
              "i": {
                "x": [
                  0.833
                ],
                "y": [
                  0.833
                ]
              },
              "o": {
                "x": [
                  0.167
                ],
                "y": [
                  0.167
                ]
              },
              "t": 34,
              "s": [
                -31
              ],
              "e": [
                0
              ]
            },
            {
              "t": 56
            }
          ],
          "ix": 10
        },
        "p": {
          "a": 0,
          "k": [
            24,
            230,
            0
          ],
          "ix": 2
        },
        "a": {
          "a": 0,
          "k": [
            0,
            0,
            0
          ],
          "ix": 1
        },
        "s": {
          "a": 0,
          "k": [
            100,
            100,
            100
          ],
          "ix": 6
        }
      },
      "ao": 0,
      "t": {
        "d": {
          "k": [
            {
              "s": {
                "s": 45,
                "f": "FangSong",
                "t": "大家好，我是启舰",
                "j": 0,
                "tr": 0,
                "lh": 54,
                "ls": 0,
                "fc": [
                  0.263,
                  0.192,
                  0.094
                ]
              },
              "t": 0
            }
          ]
        },
        "p": {},
        "m": {
          "g": 1,
          "a": {
            "a": 0,
            "k": [
              0,
              0
            ],
            "ix": 2
          }
        },
        "a": []
      },
      "ip": 0,
      "op": 60,
      "st": 0,
      "bm": 0
    }
  ],
  "markers": []
}