{
  "v": "5.4.4",
  "fr": 25,
  "ip": 0,
  "op": 60,
  "w": 100,
  "h": 100,
  "nm": "cat",
  "ddd": 0,
  "assets": [
    {
      "id": "image_0",
      "w": 550,
      "h": 552,
      "u": "images/",
      "p": "img_0.png",
      "e": 0
    }
  ],
  "layers": [
    {
      "ddd": 0,
      "ind": 1,
      "ty": 2,
      "nm": "cat.jpg",
      "cl": "jpg",
      "refId": "image_0",
      "sr": 1,
      "ks": {
        "o": {
          "a": 1,
          "k": [
            {
              "i": {
                "x": [
                  0.833
                ],
                "y": [
                  0.833
                ]
              },
              "o": {
                "x": [
                  0.167
                ],
                "y": [
                  0.167
                ]
              },
              "t": 3,
              "s": [
                100
              ],
              "e": [
                10
              ]
            },
            {
              "i": {
                "x": [
                  0.833
                ],
                "y": [
                  0.833
                ]
              },
              "o": {
                "x": [
                  0.167
                ],
                "y": [
                  0.167
                ]
              },
              "t": 30,
              "s": [
                10
              ],
              "e": [
                100
              ]
            },
            {
              "t": 56
            }
          ],
          "ix": 11
        },
        "r": {
          "a": 0,
          "k": 0,
          "ix": 10
        },
        "p": {
          "a": 0,
          "k": [
            50,
            50,
            0
          ],
          "ix": 2
        },
        "a": {
          "a": 0,
          "k": [
            275,
            276,
            0
          ],
          "ix": 1
        },
        "s": {
          "a": 0,
          "k": [
            19.091,
            18.116,
            100
          ],
          "ix": 6
        }
      },
      "ao": 0,
      "ip": 0,
      "op": 60,
      "st": 0,
      "bm": 0
    }
  ],
  "markers": []
}